Path in MiSTer, URL, Size in bytes (optional but recommended), MD5 Hash (optional but recommended), Filter Terms (optional)
games/mame/chasehq.zip,https://archive.org/download/mame-roms-merged_/MAME%20ROMs%20%28merged%29/chasehq.zip,,,
games/mame/asuka.zip,https://archive.org/download/mame-roms-merged_/MAME%20ROMs%20%28merged%29/asuka.zip,,,
games/mame/bonzeadv.zip,https://archive.org/download/mame-roms-merged_/MAME%20ROMs%20%28merged%29/bonzeadv.zip,,,
games/mame/cchip.zip,https://archive.org/download/mame-roms-merged_/MAME%20ROMs%20%28merged%29/cchip.zip,,,
games/mame/cadash.zip,https://archive.org/download/mame-roms-merged_/MAME%20ROMs%20%28merged%29/cadash.zip,,,
games/mame/galmedes.zip,https://archive.org/download/mame-roms-merged_/MAME%20ROMs%20%28merged%29/galmedes.zip,,,
games/mame/gigandes.zip,https://archive.org/download/mame-roms-merged_/MAME%20ROMs%20%28merged%29/gigandes.zip,,,
games/mame/krull.zip,https://archive.org/download/mame-roms-merged_/MAME%20ROMs%20%28merged%29/krull.zip,,,
games/mame/mofflott.zip,https://archive.org/download/mame-roms-merged_/MAME%20ROMs%20%28merged%29/mofflott.zip,,,
games/mame/ordyne.zip,https://archive.org/download/mame-roms-merged_/MAME%20ROMs%20%28merged%29/ordyne.zip,,,
games/mame/rbisland.zip,https://archive.org/download/mame-roms-merged_/MAME%20ROMs%20%28merged%29/rbisland.zip,,,
games/mame/superman.zip,https://archive.org/download/mame-roms-merged_/MAME%20ROMs%20%28merged%29/superman.zip,,,
games/mame/earthjkr.zip,https://archive.org/download/mame-roms-merged_/MAME%20ROMs%20%28merged%29/earthjkr.zip,,,
games/mame/volfied.zip,https://archive.org/download/mame-roms-merged_/MAME%20ROMs%20%28merged%29/volfied.zip,,,
